INSERT INTO kategori (id_kategori, nama_kategori) VALUES
(1,'Kaos'),(2,'Kemeja'),(3,'Jaket'),(4,'Hoodie'),(5,'Sweater'),
(6,'Blazer'),(7,'Polo'),(8,'Cardigan'),(9,'Dress'),(10,'Tunik'),
(11,'Jeans'),(12,'Chino'),(13,'Jogger'),(14,'Short Pants'),
(15,'Rok'),(16,'Outer'),(17,'Vest'),(18,'Overall'),
(19,'Crop Top'),(20,'Tank Top');

INSERT INTO size (id_size, ukuran) VALUES
(1,'XS'),(2,'S'),(3,'M'),(4,'L'),(5,'XL'),
(6,'XXL'),(7,'3XL'),(8,'SS'),
(9,'SM'),(10,'SL'),
(11,'OS-S'),(12,'OS-M'),
(13,'OS-L'),(14,'OS-XL'),
(15,'K-S'),(16,'K-M'),(17,'K-L'),
(18,'FS'),(19,'PT'),(20,'TL');

INSERT INTO supplier (id_supplier, nama_supplier, telepon, alamat) VALUES
(1,'PT Sumber Textile','0811111111','Bandung'),
(2,'CV Kain Nusantara','0811111112','Jakarta'),
(3,'PT Fashion Indo','0811111113','Tangerang'),
(4,'CV Rajut Jaya','0811111114','Bogor'),
(5,'PT Garment Sejahtera','0811111115','Bekasi'),
(6,'PT Textile Makmur','0811111116','Solo'),
(7,'CV Cotton Prima','0811111117','Yogyakarta'),
(8,'PT Denim Indonesia','0811111118','Surabaya'),
(9,'CV Baju Anak','0811111119','Malang'),
(10,'PT Urban Wear','0811111120','Depok'),
(11,'PT Casual Wear','0811111121','Jakarta'),
(12,'CV Trend Mode','0811111122','Bandung'),
(13,'PT Style Modern','0811111123','Semarang'),
(14,'CV Daily Outfit','0811111124','Cirebon'),
(15,'PT Fashion Global','0811111125','Jakarta'),
(16,'CV Ready Stock','0811111126','Solo'),
(17,'PT Premium Wear','0811111127','Bandung'),
(18,'CV Local Brand','0811111128','Bogor'),
(19,'PT Young Fashion','0811111129','Jakarta'),
(20,'CV Smart Textile','0811111130','Tangerang');

INSERT INTO karyawan (id_karyawan, nama_karyawan, jabatan) VALUES
(1,'Andi','Kasir'),
(2,'Budi','Kasir'),
(3,'Citra','Admin'),
(4,'Dewi','Gudang'),
(5,'Eko','Manajer'),
(6,'Fajar','Kasir'),
(7,'Gilang','Admin'),
(8,'Hana','Gudang'),
(9,'Indra','Kasir'),
(10,'Joko','Admin'),
(11,'Kevin','Kasir'),
(12,'Lina','Gudang'),
(13,'Maya','Kasir'),
(14,'Nina','Admin'),
(15,'Oscar','Gudang'),
(16,'Putra','Kasir'),
(17,'Rina','Admin'),
(18,'Sari','Gudang'),
(19,'Tono','Kasir'),
(20,'Yuni','Manajer');

INSERT INTO gaji 
(id_karyawan, bulan, tahun, jumlah_gaji, tanggal_pembayaran) VALUES
(1, 'Januari', 2025, 3500000, '2025-01-31'),
(2, 'Januari', 2025, 3500000, '2025-01-31'),
(3, 'Januari', 2025, 4500000, '2025-01-31'),
(4, 'Januari', 2025, 4000000, '2025-01-31'),
(5, 'Januari', 2025, 7000000, '2025-01-31'),
(6, 'Januari', 2025, 3500000, '2025-01-31'),
(7, 'Januari', 2025, 4500000, '2025-01-31'),
(8, 'Januari', 2025, 4000000, '2025-01-31'),
(9, 'Januari', 2025, 3500000, '2025-01-31'),
(10, 'Januari', 2025, 4500000, '2025-01-31'),
(11, 'Januari', 2025, 3500000, '2025-01-31'),
(12, 'Januari', 2025, 4000000, '2025-01-31'),
(13, 'Januari', 2025, 3500000, '2025-01-31'),
(14, 'Januari', 2025, 4500000, '2025-01-31'),
(15, 'Januari', 2025, 4000000, '2025-01-31'),
(16, 'Januari', 2025, 3500000, '2025-01-31'),
(17, 'Januari', 2025, 4500000, '2025-01-31'),
(18, 'Januari', 2025, 4000000, '2025-01-31'),
(19, 'Januari', 2025, 3500000, '2025-01-31'),
(20, 'Januari', 2025, 7000000, '2025-01-31');

INSERT INTO produk 
(id_produk, nama_produk, harga, stok, id_supplier, id_kategori, id_size) VALUES
(1,'Kaos Polos',75000,100,1,1,3),
(2,'Kemeja Formal',150000,80,2,2,4),
(3,'Jaket Hoodie',200000,60,3,3,5),
(4,'Sweater Rajut',175000,50,4,5,4),
(5,'Polo Shirt',125000,90,5,7,3),
(6,'Jaket Denim',250000,40,6,3,5),
(7,'Dress Wanita',220000,30,7,9,18),
(8,'Celana Jeans',180000,70,8,11,4),
(9,'Celana Chino',160000,65,9,12,4),
(10,'Rok Mini',120000,45,10,15,18),
(11,'Hoodie Oversize',210000,55,11,4,13),
(12,'Tank Top',60000,120,12,20,2),
(13,'Crop Top',90000,85,13,19,2),
(14,'Vest Casual',130000,40,14,17,3),
(15,'Overall Denim',260000,25,15,18,4),
(16,'Cardigan',140000,60,16,8,3),
(17,'Outer Casual',190000,50,17,16,4),
(18,'Jogger Pants',155000,75,18,13,4),
(19,'Short Pants',110000,90,19,14,3),
(20,'Blazer Formal',300000,20,20,6,4);

INSERT INTO customer 
(nama_customer, alamat, telepon, email, tanggal_lahir, jenis_customer) VALUES
('Ali Pratama','Jakarta','0819000001','ali@mail.com','1995-03-12','Online'),
('Bima Saputra','Bandung','0819000002','bima@mail.com','1994-07-21','Offline'),
('Cindy Lestari','Bekasi','0819000003','cindy@mail.com','1996-01-10','Both'),
('Doni Kurniawan','Depok','0819000004','doni@mail.com','1993-11-05','Online'),
('Evi Handayani','Bogor','0819000005','evi@mail.com','1997-02-18','Offline'),
('Farah Azzahra','Tangerang','0819000006','farah@mail.com','1998-08-09','Both'),
('Gina Amelia','Jakarta','0819000007','gina@mail.com','1995-05-30','Online'),
('Hadi Santoso','Bandung','0819000008','hadi@mail.com','1992-12-14','Offline'),
('Ira Wulandari','Bekasi','0819000009','ira@mail.com','1996-06-25','Both'),
('Jani Maulana','Depok','0819000010','jani@mail.com','1994-04-17','Online'),
('Kiki Rahman','Bogor','0819000011','kiki@mail.com','1993-09-02','Offline'),
('Lukman Hakim','Solo','0819000012','lukman@mail.com','1991-01-29','Both'),
('Mega Puspita','Yogyakarta','0819000013','mega@mail.com','1997-10-11','Online'),
('Nando Pratama','Semarang','0819000014','nando@mail.com','1995-07-07','Offline'),
('Ocha Permata','Surabaya','0819000015','ocha@mail.com','1998-03-03','Both'),
('Putri Ayu','Malang','0819000016','putri@mail.com','1996-12-20','Online'),
('Raka Wijaya','Jakarta','0819000017','raka@mail.com','1994-08-08','Offline'),
('Sinta Maharani','Bandung','0819000018','sinta@mail.com','1997-05-16','Both'),
('Taufik Hidayat','Bekasi','0819000019','taufik@mail.com','1993-02-27','Online'),
('Vina Lestari','Depok','0819000020','vina@mail.com','1998-09-19','Offline');

INSERT INTO penjualan
(id_customer, id_karyawan, tanggal_penjualan, total_harga, jenis_transaksi, status, catatan) VALUES
(1, 1, '2025-01-05', 1500000, 'Offline', 'Selesai', NULL),
(2, NULL, '2025-01-06', 750000, 'Online', 'Proses', 'Menunggu pembayaran'),
(3, 2, '2025-01-07', 2200000, 'Offline', 'Selesai', NULL),
(4, NULL, '2025-01-08', 1250000, 'Online', 'Proses', 'Pesanan sedang diproses'),
(5, 3, '2025-01-09', 1800000, 'Offline', 'Selesai', NULL),
(6, NULL, '2025-01-10', 900000, 'Online', 'Proses', NULL),
(7, 4, '2025-01-11', 2500000, 'Offline', 'Selesai', NULL),
(8, NULL, '2025-01-12', 1600000, 'Online', 'Proses', 'Alamat perlu konfirmasi'),
(9, 5, '2025-01-13', 1400000, 'Offline', 'Selesai', NULL),
(10, NULL, '2025-01-14', 1100000, 'Online', 'Proses', NULL),
(11, 6, '2025-01-15', 1950000, 'Offline', 'Selesai', NULL),
(12, NULL, '2025-01-16', 1300000, 'Online', 'Proses', NULL),
(13, 7, '2025-01-17', 2100000, 'Offline', 'Selesai', NULL),
(14, NULL, '2025-01-18', 1700000, 'Online', 'Proses', NULL),
(15, 8, '2025-01-19', 1600000, 'Offline', 'Selesai', NULL),
(16, NULL, '2025-01-20', 1450000, 'Online', 'Proses', NULL),
(17, 9, '2025-01-21', 2300000, 'Offline', 'Selesai', NULL),
(18, NULL, '2025-01-22', 1200000, 'Online', 'Proses', NULL),
(19, 10, '2025-01-23', 1750000, 'Offline', 'Selesai', NULL),
(20, NULL, '2025-01-24', 1550000, 'Online', 'Proses', NULL);

INSERT INTO detail_penjualan
(id_detail, id_penjualan, id_produk, jumlah) VALUES
(1,1,1,2),(2,2,2,1),(3,3,3,1),(4,4,4,2),(5,5,5,3),
(6,6,6,1),(7,7,7,1),(8,8,8,2),(9,9,9,2),(10,10,10,1),
(11,11,11,1),(12,12,12,3),(13,13,13,2),(14,14,14,1),
(15,15,15,1),(16,16,16,2),(17,17,17,1),(18,18,18,2),
(19,19,19,3),(20,20,20,1);

INSERT INTO pengiriman
(id_penjualan, alamat_pengiriman, kota, kode_pos, nama_penerima, telepon_penerima, 
 status_pengiriman, no_resi, tanggal_kirim, tanggal_terima) VALUES
(2, 'Jl. Merdeka No.10', 'Bandung', '40115', 'Bima Saputra', '0819000002',
 'Dikirim', 'JNE202501002', '2025-01-07', NULL),
(4, 'Jl. Raya Depok No.21', 'Depok', '16431', 'Doni Kurniawan', '0819000004',
 'Dikemas', 'JNT202501004', '2025-01-09', NULL),
(6, 'Jl. Pajajaran No.5', 'Bogor', '16128', 'Evi Handayani', '0819000005',
 'Dikirim', 'SCP202501006', '2025-01-11', NULL),
(8, 'Jl. Sudirman No.18', 'Bandung', '40123', 'Hadi Santoso', '0819000008',
 'Diterima', 'JNE202501008', '2025-01-13', '2025-01-15'),
(10, 'Jl. Ahmad Yani No.7', 'Depok', '16415', 'Jani Maulana', '0819000010',
 'Dikirim', 'JNT202501010', '2025-01-15', NULL),
(12, 'Jl. Slamet Riyadi No.12', 'Solo', '57111', 'Lukman Hakim', '0819000012',
 'Dikemas', 'POS202501012', '2025-01-17', NULL),
(14, 'Jl. Pandanaran No.9', 'Semarang', '50241', 'Nando Pratama', '0819000014',
 'Dikirim', 'JNE202501014', '2025-01-19', NULL),
(16, 'Jl. Ijen No.14', 'Malang', '65119', 'Putri Ayu', '0819000016',
 'Dikirim', 'SCP202501016', '2025-01-21', NULL),
(18, 'Jl. Asia Afrika No.20', 'Bandung', '40112', 'Sinta Maharani', '0819000018',
 'Diterima', 'JNT202501018', '2025-01-23', '2025-01-25'),
(20, 'Jl. Pemuda No.3', 'Depok', '16418', 'Vina Lestari', '0819000020',
 'Dikemas', 'JNE202501020', '2025-01-25', NULL);

INSERT INTO pembayaran
(id_penjualan, metode_pembayaran, jumlah_pembayaran, status_pembayaran, tanggal_pembayaran, bukti_pembayaran, catatan) VALUES
(1, 'COD', 150000, 'Lunas', '2025-01-05', NULL, 'Pembayaran tunai saat transaksi'),
(2, 'Transfer', 200000, 'Lunas', '2025-01-06', 'bukti_transfer_2.jpg', NULL),
(3, 'COD', 180000, 'Lunas', '2025-01-07', NULL, 'Pembayaran tunai'),
(4, 'QRIS', 220000, 'Lunas', '2025-01-08', 'bukti_qris_4.png', NULL),
(5, 'COD', 175000, 'Lunas', '2025-01-09', NULL, NULL),
(6, 'Transfer', 250000, 'Lunas', '2025-01-10', 'bukti_transfer_6.jpg', NULL),
(7, 'COD', 220000, 'Lunas', '2025-01-11', NULL, NULL),
(8, 'COD', 180000, 'Lunas', '2025-01-12', NULL, 'Bayar saat barang diterima'),
(9, 'COD', 160000, 'Lunas', '2025-01-13', NULL, NULL),
(10, 'Transfer', 120000, 'Lunas', '2025-01-14', 'bukti_transfer_10.jpg', NULL),
(11, 'COD', 210000, 'Lunas', '2025-01-15', NULL, NULL),
(12, 'QRIS', 60000, 'Lunas', '2025-01-16', 'bukti_qris_12.png', NULL),
(13, 'COD', 90000, 'Lunas', '2025-01-17', NULL, NULL),
(14, 'Transfer', 130000, 'Lunas', '2025-01-18', 'bukti_transfer_14.jpg', NULL),
(15, 'COD', 260000, 'Lunas', '2025-01-19', NULL, NULL),
(16, 'COD', 140000, 'Lunas', '2025-01-20', NULL, NULL),
(17, 'COD', 190000, 'Lunas', '2025-01-21', NULL, NULL),
(18, 'Transfer', 155000, 'Lunas', '2025-01-22', 'bukti_transfer_18.jpg', NULL),
(19, 'COD', 110000, 'Lunas', '2025-01-23', NULL, NULL),
(20, 'QRIS', 300000, 'Lunas', '2025-01-24', 'bukti_qris_20.png', NULL);